LJ001-0001|Toyota
LJ001-0002|Ford
LJ001-0003|Honda
LJ001-0004|Chevrolet
LJ001-0005|BMW
LJ001-0006|Mercedes-Benz
LJ001-0007|Audi
LJ001-0008|Nissan
LJ001-0009|Hyundai
LJ001-0010|Volkswagen
LJ001-0011|Subaru
LJ001-0012|Kia
LJ001-0013|Tesla
LJ001-0014|Jeep
LJ001-0015|Porsche
LJ001-0016|Lexus
LJ001-0017|Dodge
LJ001-0018|GMC
LJ001-0019|Ram
LJ001-0020|Land Rover
LJ001-0021|Ferrari
LJ001-0022|Chrysler
LJ001-0023|Mazda
LJ001-0024|Acura
LJ001-0025|Buick
LJ001-0026|Cadillac
LJ001-0027|Mitsubishi
LJ001-0028|Infiniti
LJ001-0029|Mini
LJ001-0030|Rolls-Royce
LJ001-0031|Bentley
LJ001-0032|Aston Martin
LJ001-0033|Jaguar
LJ001-0034|Volvo
LJ001-0035|Peugeot
LJ001-0036|Renault
LJ001-0037|Fiat
LJ001-0038|CitroÃ«n
LJ001-0039|Skoda
LJ001-0040|Lincoln
LJ001-0041|Alfa Romeo
LJ001-0042|Saab
LJ001-0043|Suzuki
LJ001-0044|Koenigsegg
LJ001-0045|Pagani
LJ001-0046|Smart
LJ001-0047|Genesis
LJ001-0048|Lamborghini
LJ001-0049|McLaren
LJ001-0050|Bugatti
LJ001-0051|ABS
LJ001-0052|Anti-lock Braking System
LJ001-0053|Acceleration
LJ001-0054|Airbag
LJ001-0055|Alternator
LJ001-0056|Anti-theft system
LJ001-0057|Armrest
LJ001-0058|Axle
LJ001-0059|Battery
LJ001-0060|Blow-off valve
LJ001-0061|Body kit
LJ001-0062|Brake fluid
LJ001-0063|Brake pad
LJ001-0064|Brake rotor
LJ001-0065|Braking distance
LJ001-0066|Camshaft
LJ001-0067|Car battery
LJ001-0068|Chassis
LJ001-0069|Clutch
LJ001-0070|Crankshaft
LJ001-0071|CV joint
LJ001-0072|Constant Velocity
LJ001-0073|Cylinder
LJ001-0074|Differential
LJ001-0075|Disc brake
LJ001-0076|Driver-assistance system
LJ001-0077|Drivetrain
LJ001-0078|Dynamometer
LJ001-0079|EGR valve
LJ001-0080|Exhaust Gas Recirculation
LJ001-0081|Electrical system
LJ001-0082|Engine control unit
LJ001-0083|ECU
LJ001-0084|Engine displacement
LJ001-0085|Exhaust manifold
LJ001-0086|Exhaust system
LJ001-0087|Fender
LJ001-0088|FWD
LJ001-0089|Front-Wheel Drive
LJ001-0090|Fuel injection
LJ001-0091|Fuel pump
LJ001-0092|Fuel tank
LJ001-0093|GPS
LJ001-0094|Grille
LJ001-0095|Ground clearance
LJ001-0096|Headlights
LJ001-0097|Hood
LJ001-0098|Hubcap
LJ001-0099|Hybrid
LJ001-0100|Ignition coil
LJ001-0101|Intake manifold
LJ001-0102|Intercooler
LJ001-0103|Jack
LJ001-0104|Jump start
LJ001-0105|Keyless entry
LJ001-0106|Kinetic energy
LJ002-0107|Knock sensor
LJ002-0108|Leaf spring
LJ002-0109|Leather seats
LJ002-0110|Liftgate
LJ002-0111|Light-emitting diode
LJ002-0112|LED
LJ002-0113|Lugnuts
LJ002-0114|Manual transmission
LJ002-0115|Mass airflow sensor
LJ002-0116|Muffler
LJ002-0117|Navigation system
LJ002-0118|Odometer
LJ002-0119|Oil filter
LJ002-0120|Oil pan
LJ002-0121|Oxygen sensor
LJ002-0122|Parking assist
LJ002-0123|Parking brake
LJ002-0124|Piston
LJ002-0125|Power steering
LJ002-0126|Pre-collision system
LJ002-0127|Quarter panel
LJ002-0128|Radiator
LJ002-0129|Rearview camera
LJ002-0130|Roll cage
LJ002-0131|Roof rack
LJ002-0132|Rotational mass
LJ002-0133|Running boards
LJ002-0134|Shock absorber
LJ002-0135|Shifter
LJ002-0136|Side mirror
LJ002-0137|Sill plate
LJ002-0138|Speedometer
LJ002-0139|Spoiler
LJ002-0140|Stability control
LJ002-0141|Suspension system
LJ002-0142|Sway bar
LJ002-0143|Sync system
LJ002-0144|Targa top
LJ002-0145|Timing belt
LJ002-0146|Tonneau cover
LJ002-0147|Torque
LJ002-0148|Tow hitch
LJ002-0149|Trailer brake controller
LJ002-0150|Transaxle
LJ002-0151|Turbocharger
LJ002-0152|Timing chain
LJ002-0153|Turn signal
LJ002-0154|Underbody
LJ002-0155|Valve lifter
LJ002-0156|Valve spring
LJ002-0157|Ventilated disc
LJ002-0158|Viscous coupling
LJ002-0159|V8 engine
LJ002-0160|Wiper blade
LJ002-0161|Windshield washer
LJ002-0162|Wiper fluid
LJ002-0163|Xenon headlights
LJ002-0164|ZF transmission
LJ002-0165|4WD
LJ002-0166|Four-Wheel Drive
LJ002-0167|AWD
LJ002-0168|All-Wheel Drive
LJ002-0169|Active suspension
LJ002-0170|Adaptive cruise control
LJ002-0171|Alloy wheels
LJ002-0172|Anti-roll bar
LJ002-0173|Auto-leveling suspension
LJ002-0174|Automatic transmission
LJ002-0175|Backpressure
LJ002-0176|Ball joint
LJ002-0177|Battery charge indicator
LJ002-0178|Bilstein shocks
LJ002-0179|Blind-spot monitoring
LJ002-0180|Boost gauge
LJ002-0181|Crossover
LJ002-0182|CVT
LJ002-0183|Continuously Variable Transmission
LJ002-0184|Dashboard
LJ002-0185|Dashcam
LJ002-0186|Drive axle
LJ002-0187|Drive belt
LJ002-0188|Electric vehicle
LJ002-0189|EV
LJ002-0190|EVSE
LJ002-0191|Electric Vehicle Supply Equipment
LJ002-0192|Flat tire
LJ002-0193|Fog lights
LJ002-0194|Front fascia
LJ002-0195|Front suspension
LJ002-0196|Fuzzy logic
LJ002-0197|Gauge cluster
LJ002-0198|GDI
LJ002-0199|Gasoline Direct Injection
LJ002-0200|Head-up display
LJ002-0201|Haldex coupling
LJ002-0202|Hatchback
LJ002-0203|Hybrid vehicle
LJ002-0204|Ignition switch
LJ002-0205|Knock retard
LJ002-0206|Liftback
LJ002-0207|Limited-slip differential
LJ002-0208|Logbook
LJ002-0209|M Sport
LJ002-0210|Overdrive
LJ002-0211|Pre-heating system
LJ002-0212|Remote start